seller_state,customer_state,delivered_orders,late_deliveries,late_delivery_rate,reviewed_orders,low_review_rate,median_delivery_days,route,all_orders,non_receipt_reports,delivery_record_discrepancies,expected_late_orders,excess_late_orders,late_delivery_rate_pct,low_review_rate_pct,non_receipt_report_rate_pct
SP,RJ,8048,1147,0.14251988071570576,7959,0.19751225028269884,13.0,SP → RJ,8317,134,29,551.2212954597978,595.7787045402022,14.251988071570576,19.751225028269882,1.6111578694240711
SP,BA,2278,297,0.13037752414398596,2263,0.17764030048608043,18.0,SP → BA,2352,33,8,156.02411916717438,140.97588083282562,13.037752414398597,17.764030048608042,1.403061224489796
SP,ES,1444,180,0.12465373961218837,1430,0.14335664335664336,14.0,SP → ES,1469,21,7,98.90203164064961,81.09796835935039,12.465373961218837,14.335664335664337,1.4295439074200136
SP,CE,961,133,0.1383975026014568,956,0.16631799163179917,18.0,SP → CE,1000,21,5,65.82053490766225,67.17946509233775,13.839750260145681,16.631799163179917,2.1
SP,SC,2306,222,0.09627059843885516,2286,0.14610673665791776,14.0,SP → SC,2340,29,9,157.94188709372438,64.05811290627562,9.627059843885515,14.610673665791776,1.2393162393162394
SP,MA,486,93,0.19135802469135801,482,0.21991701244813278,20.0,SP → MA,502,5,1,33.28697186797487,59.71302813202513,19.1358024691358,21.991701244813278,0.9960159362549801
PR,RJ,951,117,0.12302839116719243,938,0.19509594882729211,14.0,PR → RJ,980,12,5,65.13561779103725,51.86438220896275,12.302839116719243,19.50959488272921,1.2244897959183674
SP,AL,254,61,0.24015748031496062,252,0.24206349206349206,23.0,SP → AL,264,4,1,17.396894762274933,43.60310523772507,24.015748031496063,24.206349206349206,1.5151515151515151
SP,PA,675,81,0.12,666,0.17567567567567569,21.0,SP → PA,693,11,2,46.23190537218732,34.76809462781268,12.0,17.56756756756757,1.5873015873015872
SP,PE,1126,111,0.09857904085257549,1114,0.15170556552962297,16.0,SP → PE,1164,17,5,77.12166733197469,33.87833266802531,9.857904085257548,15.170556552962298,1.4604810996563573
SP,PI,327,54,0.1651376146788991,323,0.16718266253869968,17.0,SP → PI,341,5,1,22.396789713637414,31.603210286362586,16.51376146788991,16.718266253869967,1.466275659824047
SP,MS,471,59,0.12526539278131635,471,0.15074309978768577,14.0,SP → MS,477,6,0,32.259596193037375,26.740403806962625,12.526539278131635,15.074309978768577,1.257861635220126
SP,SE,205,34,0.16585365853658537,205,0.1902439024390244,18.0,SP → SE,209,8,1,14.040800890812445,19.959199109187555,16.585365853658537,19.024390243902438,3.827751196172249
MG,RJ,1124,94,0.08362989323843416,1116,0.12544802867383512,11.0,MG → RJ,1175,13,4,76.9846839086497,17.0153160913503,8.362989323843415,12.544802867383511,1.1063829787234043
MA,SP,123,25,0.2032520325203252,122,0.18032786885245902,14.0,MA → SP,124,3,0,8.424480534487467,16.575519465512535,20.32520325203252,18.0327868852459,2.4193548387096775
RJ,SP,1299,103,0.07929176289453425,1292,0.12848297213622292,10.0,RJ → SP,1341,15,7,88.97073344958716,14.029266550412842,7.929176289453426,12.848297213622292,1.1185682326621924
SP,PB,333,35,0.10510510510510511,329,0.14893617021276595,19.0,SP → PB,345,6,1,22.80773998361241,12.19226001638759,10.51051051051051,14.893617021276595,1.7391304347826086
MG,BA,362,36,0.09944751381215469,360,0.12777777777777777,15.0,MG → BA,373,3,2,24.793999621824902,11.206000378175098,9.94475138121547,12.777777777777777,0.8042895442359249
PR,BA,143,21,0.14685314685314685,141,0.19148936170212766,18.0,PR → BA,147,2,2,9.794314767737461,11.205685232262539,14.685314685314685,19.148936170212767,1.3605442176870748
SC,RJ,465,43,0.09247311827956989,460,0.17608695652173914,13.0,SC → RJ,474,6,2,31.848645923062374,11.151354076937626,9.247311827956988,17.608695652173914,1.2658227848101267
SP,GO,1394,106,0.07604017216642754,1387,0.13482335976928622,14.0,SP → GO,1433,20,10,95.47744605752463,10.52255394247537,7.604017216642754,13.482335976928622,1.3956734124214933
SP,RN,330,33,0.1,327,0.13149847094801223,18.0,SP → RN,337,6,1,22.602264848624912,10.397735151375088,10.0,13.149847094801222,1.7804154302670623
SP,TO,191,21,0.1099476439790576,190,0.1368421052631579,16.0,SP → TO,194,0,0,13.08191692753745,7.918083072462551,10.99476439790576,13.684210526315791,0.0
RJ,BA,135,15,0.1111111111111111,133,0.11278195488721804,14.0,RJ → BA,138,2,0,9.246381074437464,5.753618925562536,11.11111111111111,11.278195488721805,1.4492753623188406
RJ,RS,196,17,0.08673469387755102,195,0.13333333333333333,14.0,RJ → RS,204,5,2,13.424375485849948,3.575624514150052,8.673469387755102,13.333333333333334,2.450980392156863
RJ,SC,110,11,0.1,109,0.08256880733944955,12.0,RJ → SC,115,0,0,7.53408828287497,3.4659117171250298,10.0,8.256880733944955,0.0
RJ,PR,200,17,0.085,199,0.1658291457286432,11.0,RJ → PR,203,2,1,13.698342332499946,3.301657667500054,8.5,16.582914572864322,0.9852216748768473
PR,ES,106,9,0.08490566037735849,104,0.125,16.0,PR → ES,106,0,0,7.2601214362249715,1.7398785637750285,8.49056603773585,12.5,0.0
ES,SP,100,8,0.08,99,0.10101010101010101,10.0,ES → SP,103,0,0,6.849171166249973,1.150828833750027,8.0,10.1010101010101,0.0
RS,RJ,240,17,0.07083333333333333,234,0.14957264957264957,11.0,RS → RJ,243,5,2,16.438010798999937,0.5619892010000633,7.083333333333333,14.957264957264957,2.05761316872428
MG,PE,109,8,0.07339449541284404,109,0.11009174311926606,14.0,MG → PE,113,1,0,7.465596571212471,0.5344034287875292,7.339449541284404,11.009174311926607,0.8849557522123894
SP,SP,30313,1425,0.04700953386335895,30132,0.10291384574538696,7.0,SP → SP,30984,230,104,2076.1892556253542,0.0,4.700953386335895,10.291384574538696,0.7423186160599018
SP,MG,7326,391,0.053371553371553374,7281,0.11907704985578904,11.0,SP → MG,7447,58,27,501.770279639473,0.0,5.3371553371553375,11.907704985578905,0.778837115617027
SP,RS,3540,238,0.0672316384180791,3528,0.12443310657596372,14.0,SP → RS,3595,34,19,242.46065928524905,0.0,6.723163841807909,12.443310657596372,0.9457579972183587
SP,PR,3077,138,0.04484887877803055,3064,0.1129242819843342,11.0,SP → PR,3124,25,13,210.74899678551168,0.0,4.484887877803055,11.29242819843342,0.8002560819462228
MG,SP,2506,91,0.036312849162011177,2494,0.09302325581395349,9.0,MG → SP,2561,19,8,171.64022942622432,0.0,3.6312849162011176,9.30232558139535,0.741897696212417
PR,SP,2872,89,0.030988857938718663,2855,0.09316987740805605,10.0,PR → SP,2933,14,6,196.70819589469923,0.0,3.098885793871866,9.316987740805605,0.47732696897374705
SP,DF,1365,89,0.0652014652014652,1357,0.1451731761238025,12.0,SP → DF,1394,14,6,93.49118641931213,0.0,6.520146520146521,14.517317612380252,1.0043041606886656
RJ,RJ,943,45,0.04772004241781548,932,0.09012875536480687,5.0,RJ → RJ,980,11,3,64.58768409773725,0.0,4.7720042417815485,9.012875536480687,1.1224489795918366
SC,SP,1288,48,0.037267080745341616,1285,0.11284046692607004,10.0,SC → SP,1306,10,5,88.21732462129965,0.0,3.7267080745341614,11.284046692607005,0.7656967840735069
MG,MG,1507,38,0.025215660252156602,1500,0.08133333333333333,7.0,MG → MG,1540,9,5,103.2170094753871,0.0,2.52156602521566,8.133333333333333,0.5844155844155844
PR,MG,803,32,0.039850560398505604,800,0.1075,12.0,PR → MG,815,7,3,54.998844464987286,0.0,3.9850560398505603,10.75,0.8588957055214724
PR,PR,703,19,0.02702702702702703,697,0.06886657101865136,7.0,PR → PR,720,6,2,48.14967329873731,0.0,2.7027027027027026,6.886657101865136,0.8333333333333334
PR,RS,562,24,0.042704626334519574,562,0.09074733096085409,12.0,PR → RS,571,5,1,38.49234195432485,0.0,4.270462633451958,9.07473309608541,0.8756567425569177
RS,SP,658,8,0.0121580547112462,657,0.0700152207001522,8.0,RS → SP,669,4,3,45.067546273924826,0.0,1.21580547112462,7.00152207001522,0.5979073243647235
SP,MT,640,38,0.059375,635,0.11496062992125984,16.0,SP → MT,650,4,1,43.83469546399983,0.0,5.9375,11.496062992125983,0.6153846153846154
RJ,MG,547,33,0.0603290676416819,542,0.1070110701107011,10.0,RJ → MG,557,4,3,37.464966279387355,0.0,6.032906764168191,10.70110701107011,0.718132854578097
SC,MG,422,15,0.035545023696682464,420,0.13095238095238096,13.0,SC → MG,429,3,2,28.903502321574887,0.0,3.5545023696682465,13.095238095238097,0.6993006993006993
PR,SC,382,21,0.0549738219895288,381,0.09448818897637795,12.0,PR → SC,389,3,1,26.1638338550749,0.0,5.49738219895288,9.448818897637794,0.7712082262210797
MG,SC,248,16,0.06451612903225806,245,0.11428571428571428,15.0,MG → SC,254,3,1,16.985944492299932,0.0,6.451612903225806,11.428571428571429,1.1811023622047243
MG,GO,149,4,0.026845637583892617,148,0.12162162162162163,13.0,MG → GO,153,3,3,10.20526503771246,0.0,2.684563758389262,12.162162162162163,1.9607843137254901
DF,SP,306,7,0.02287581699346405,306,0.10784313725490197,9.0,DF → SP,313,2,1,20.95846376872492,0.0,2.287581699346405,10.784313725490197,0.6389776357827476
SC,PR,282,7,0.024822695035460994,281,0.0711743772241993,10.0,SC → PR,283,2,1,19.314662688824924,0.0,2.4822695035460995,7.11743772241993,0.7067137809187279
MG,RS,273,12,0.04395604395604396,272,0.11397058823529412,16.0,MG → RS,277,2,1,18.698237283862426,0.0,4.395604395604396,11.397058823529411,0.7220216606498195
SC,SC,253,11,0.043478260869565216,252,0.07936507936507936,7.0,SC → SC,261,2,0,17.328403050612433,0.0,4.3478260869565215,7.936507936507936,0.7662835249042145
RS,SC,114,0,0.0,114,0.03508771929824561,8.0,RS → SC,116,2,0,7.80805512952497,0.0,0.0,3.508771929824561,1.7241379310344827
MG,PR,362,4,0.011049723756906077,361,0.07756232686980609,12.0,MG → PR,365,1,1,24.793999621824902,0.0,1.1049723756906076,7.756232686980609,0.273972602739726
RS,RS,287,8,0.027874564459930314,286,0.038461538461538464,6.0,RS → RS,293,1,0,19.65712124713742,0.0,2.7874564459930316,3.8461538461538463,0.3412969283276451
RS,MG,185,3,0.016216216216216217,184,0.05434782608695652,11.0,RS → MG,187,1,0,12.67096665756245,0.0,1.6216216216216217,5.434782608695652,0.53475935828877
MG,ES,169,8,0.047337278106508875,163,0.12883435582822086,13.0,MG → ES,174,1,1,11.575099270962454,0.0,4.733727810650888,12.883435582822086,0.5747126436781609
SP,RO,167,5,0.029940119760479042,166,0.0963855421686747,18.0,SP → RO,170,1,1,11.438115847637455,0.0,2.9940119760479043,9.63855421686747,0.5882352941176471
BA,SP,135,5,0.037037037037037035,135,0.1037037037037037,10.0,BA → SP,138,1,1,9.246381074437464,0.0,3.7037037037037033,10.37037037037037,0.7246376811594203
GO,SP,125,2,0.016,125,0.072,10.0,GO → SP,129,1,0,8.561463957812467,0.0,1.6,7.199999999999999,0.7751937984496124
SC,RS,286,14,0.04895104895104895,284,0.09507042253521127,11.0,SC → RS,290,0,0,19.588629535474922,0.0,4.895104895104895,9.507042253521126,0.0
MG,DF,183,6,0.03278688524590164,182,0.07692307692307693,11.0,MG → DF,187,0,0,12.533983234237452,0.0,3.278688524590164,7.6923076923076925,0.0
PR,DF,148,4,0.02702702702702703,148,0.11486486486486487,12.0,PR → DF,150,0,0,10.13677332604996,0.0,2.7027027027027026,11.486486486486488,0.0
RS,PR,137,7,0.051094890510948905,136,0.08088235294117647,8.0,RS → PR,138,0,0,9.383364497762463,0.0,5.109489051094891,8.088235294117647,0.0
RJ,GO,107,6,0.056074766355140186,106,0.09433962264150944,13.0,RJ → GO,109,0,0,7.328613147887471,0.0,5.607476635514018,9.433962264150944,0.0
PE,SP,104,2,0.019230769230769232,104,0.09615384615384616,10.0,PE → SP,105,0,0,7.123138012899972,0.0,1.9230769230769231,9.615384615384617,0.0
DF,MG,102,1,0.00980392156862745,102,0.1568627450980392,8.0,DF → MG,102,0,0,6.986154589574973,0.0,0.9803921568627451,15.686274509803921,0.0
